source_name,source_link,event_id,event_date,event_time,event_title,event_description,location_description,location_accuracy,landslide_category,landslide_trigger,landslide_size,landslide_setting,fatality_count,injury_count,storm_name,photo_link,notes,event_import_source,event_import_id,country_name,country_code,admin_division_name,admin_division_population,gazeteer_closest_point,gazeteer_distance,submitted_date,created_date,last_edited_date,longitude,latitude
One India,https://www.oneindia.com/2009/07/23/darjeelingtoy-trainsuspended.html,1055,07/22/2009 12:00:00 AM,,"Kerseong, West Bengal ","The disruption of popular toy train services in Darjeeling disappointed the tourists as the rail track was damaged by the landslides in the region. The track has been washed away at Gayabari, Kerseong and Darjeeling due to heavy incessant rainfall and landslides from the hills.","Kerseong, West Bengal ",10km,landslide,downpour,medium,unknown,0,,,,,glc,1055,India,IN,Bengal,46427,Kārsiyāng,0.15035,04/01/2014 12:00:00 AM,11/20/2017 03:17:00 PM,02/15/2018 03:51:00 PM,88.2788,26.8826
One India,https://www.oneindia.com/2009/07/23/darjeelingtoy-trainsuspended.html,1054,07/22/2009 12:00:00 AM,,"Gayabari,  West Bengal ","The disruption of popular toy train services in Darjeeling disappointed the tourists as the rail track was damaged by the landslides in the region. The track has been washed away at Gayabari, Kerseong and Darjeeling due to heavy incessant rainfall and landslides from the hills.","Gayabari,  West Bengal ",10km,landslide,downpour,medium,unknown,0,,,,,glc,1054,India,IN,Bengal,46427,Kārsiyāng,4.62496,04/01/2014 12:00:00 AM,11/20/2017 03:17:00 PM,02/15/2018 03:51:00 PM,88.3143,26.8572
Times-Mumbai,http://www.times-mumbai.com/landslide-blocks-national-highway-55-in-darjeeling-hills/,9976,07/05/2017 04:00:00 PM,,Landslide blocks NH-55,"Landslide blocks NH-55 near Kurseong, West Bengal. Large rock appears to have damaged a car (see attached photo.) From the article: Kurseong has witnessed 128.2mm rainfall in the last 24 hours. Since July 1 to July 4th, the cumulative rainfall in Kurseong is 250.2mm. Met offices predict heavy rainfall in the next 24 hours.","Kurseong, Darjeeling, West Bengal, India",5km,landslide,continuous_rain,medium,above_road,0,0,,http://www.times-mumbai.com/wp-content/uploads/2017/07/www.oneindia.comxlandslide-05-1499232064.-90ea4fb42a3723509cfd7da99c0d98ec3a892f76.jpg,,,,,,,,,,07/05/2017 04:00:00 PM,11/20/2017 03:17:00 PM,02/15/2018 03:51:00 PM,88.29518925,26.90298048
Siliguri Times,http://siliguritimes.com/landslide-alubari-near-darjeeling/,9994,07/06/2017 07:39:00 PM,,"Landslide obstructs road, breaks water pipe","Landslide causes water pipe to break, boulders obstruct road. Article: ""North Bengal, along with the hills, has been experiencing constant, heavy showers ever since monsoon made its way to the region. The water levels of the rivers have been rising and the hills are being bothered by regular landslides.""","Alubari, Darjeeling, West Bengal, India",1km,landslide,continuous_rain,medium,above_road,0,0,,http://siliguritimes.com/wp-content/uploads/2017/07/image_239997.7.jpg,,,,,,,,,,07/06/2017 07:39:00 PM,11/20/2017 03:17:00 PM,02/15/2018 03:51:00 PM,88.25902123,27.02149311
WebIndia,http://news.webindia123.com/news/Articles/India/20170606/3118947.html,9741,06/05/2017 01:34:00 PM,,"Landslide in Darjeeling area, Sonada",Rain-caused landslide buries old woman in Sonada region,"Daragoan (?) in Sonada area, Darjeeling",10km,landslide,rain,medium,urban,1,2,,,,,,,,,,,,06/16/2017 01:34:00 PM,11/20/2017 03:17:00 PM,02/15/2018 03:51:00 PM,88.2667225,26.9653186
articles.timesofindia,http://articles.timesofindia.indiatimes.com/2011-09-27/kolkata/30207909_1_magnitude-earthquake-singamari-repair-work,3986,09/25/2011 12:00:00 AM,,"Singamari, Darhelling, West Bengal","Just when the life of people in the Hills was are limping back to normalcy after the 6.8 magnitude earthquake shook the entire eastern India, a massive landslide devoured a 30-metre stretch of Lebong Cart Road late Sunday night, cutting off connectivity with the northern parts of Darjeeling. However, no casualties have been reported in the incident.Lebong Cart Road connects the town with places like Singamari and tea gardens of Phoobsering, Banesbuck, Singla, Ging and also the army cantonment at Lebong. All vehicular movement has now been diverted from the Birch Hill Road.","Singamari, Darhelling, West Bengal",1km,landslide,downpour,medium,unknown,0,,,,,glc,3986,India,IN,Bengal,123797,Dārjiling,3.22506,04/01/2014 12:00:00 AM,11/20/2017 03:17:00 PM,02/15/2018 03:51:00 PM,88.255,27.0605
beacononline.wordpress,http://beacononline.wordpress.com/2009/09/20/darjeeling-hills-toytrain-joyride-hit-by-fresh-landslides-in-darjeeling/,1050,07/03/2009 12:00:00 AM,,Darjeeling (between Tin Dharia and Rongtong),"The Darjeeling Himalayan Railway (DHR) run by Northeast Frontier Railway, has been off the tracks since July 3 after landslides tore away the two-foot-wide line in some parts at Tin Dharia and Rongtong, DHR Director Subrata Nath told UNI today.",Darjeeling (between Tin Dharia and Rongtong),10km,landslide,rain,medium,unknown,0,,,,,glc,1050,India,IN,Bengal,123797,Dārjiling,0.78466,04/01/2014 12:00:00 AM,11/20/2017 03:17:00 PM,02/15/2018 03:51:00 PM,88.29184021,26.87324244
thestatesman,http://www.thestatesman.net/page.news.php?clid=10&id=209560&usrsess=1,595,06/20/2008 12:00:00 AM,,Kurseong sub division,occurred all over region,Kurseong sub division,25km,landslide,rain,medium,unknown,,,,,,glc,595,India,IN,Bengal,46427,Kārsiyāng,0.2804,04/01/2014 12:00:00 AM,11/20/2017 03:17:00 PM,02/15/2018 03:51:00 PM,88.2778,26.885
articles.timesofindia,http://articles.timesofindia.indiatimes.com/2011-06-18/kolkata/29673649_1_rescue-operations-fire-brigade-mudslide,3621,06/17/2011 12:00:00 AM,,"St Mary's Hill, 3 km from Kurseong, West Bengal","A man and his three children were killed when a mudslide crushed their house in St Mary's Hills early on Friday. His wife had a narrow escape. The place is around 3 km from Kurseong town.  The Hills had been receiving incessant overnight rain. Apart from St Mary's Hills, a landslide swept a pick-up truck into the gorge near Dhobi Khola. In Kalimpong, NH-31A, which leads to Sikkim, remained cut off for five hours after a landslide at 27th Mile and Sethi Khola. The Border Roads Organization (BRO) later managed to resume normal vehicular services.  At St Mary's Hills, further rain hampered rescue operations. After four hours, the fire brigade and the local police managed to recover the bodies of Nashim Akhtar and his children from under the rubble. Akhtar (35), a smalltime hawker, hailed from Motihari in Bihar. He had been living in Kurseong with his family for quite some time. His 10-year-old son Md Faisal and daughters Musurut Banu (3) and three-month-old Nusurut Banu died with him. Akh","St Mary's Hill, 3 km from Kurseong, West Bengal",5km,mudslide,downpour,large,unknown,4,,,,,glc,3621,India,IN,Bengal,46427,Kārsiyāng,0.38718,04/01/2014 12:00:00 AM,11/20/2017 03:17:00 PM,02/15/2018 03:51:00 PM,88.28,26.88
sify.com,http://sify.com/news/landslide-disrupts-supply-lines-between-siliguri-darjeeling-news-national-kgqtabgbdjc.html,1993,06/16/2010 12:00:00 AM,,"Kurseong sub-division, Road between Kurseong and New Jalpaiguri","2010-06-16 19:00:00  Supply lines between Siliguri and Darjeeling districts of West Bengal were disrupted Wednesday following a landslide on national highway 55 in the Kurseong sub-division of Darjeeling district, officials said.  No casualties were reported.  The landslide destroyed a 21-metre length of the highway completely besides damaging partially another 22-metre stretch.  'The landslide occurred due to overnight rains. A North East Frontier Railway press statement said toy train services between Kurseong and New Jalpaiguri were suspended due to the landslide, which affected narrow gauge tracks between Rongtong and Tindharia. ","Kurseong sub-division, Road between Kurseong and New Jalpaiguri",10km,landslide,downpour,medium,unknown,0,,,,,glc,1993,India,IN,Bengal,46427,Kārsiyāng,9.18708,04/01/2014 12:00:00 AM,11/20/2017 03:17:00 PM,02/15/2018 03:51:00 PM,88.3162,26.8073
The Times of India,http://timesofindia.indiatimes.com/city/kolkata/Landslides-claim-1-life-block-Hills-road-in-Darjeeling/articleshow/47858393.cms,7021,06/27/2015 11:00:00 PM,,"Old Monastery Road, Ghum",The body of Phupu Doma Bhutia (45) was recovered by her relatives in her shanty in Ghoom on Sunday morning. It is suspected that a loose boulder tumbled down on the hut where Phupu lived.,"Old Monastery Road, Ghum",1km,landslide,downpour,medium,unknown,1,0,,,,glc,7021,India,IN,West Bengal,123797,Dārjiling,3.1919,06/30/2015 03:43:00 PM,11/20/2017 03:17:00 PM,02/15/2018 03:51:00 PM,88.251,27.0076
The hindu.com,http://www.hindu.com/thehindu/holnus/004200708261441.htm,210,08/25/2007 12:00:00 AM,,"Hattisurey in Kalimpong, on National Highway 31A","major landslide along road, closed for over 1 week, lifeline to Sikkim","Hattisurey in Kalimpong, on National Highway 31A",25km,landslide,rain,medium,unknown,,,,,,glc,210,India,IN,Bengal,43000,Kālimpang,3.41647,04/01/2014 12:00:00 AM,11/20/2017 03:17:00 PM,02/15/2018 03:51:00 PM,88.4308,27.0713
Telegraph India,http://www.telegraphindia.com/1090618/jsp/siliguri/story_11126449.jsp,1037,06/17/2009 04:00:00 AM,,"Sevoke, 20km from Siliguri, North Eastern, India (Highway NH31A:Coronation Bridge to the Sevoke police outpost section blocked)","A landslide triggered by night-long heavy rain blocked the only road to Sikkim for more than eight hours today, leading to long queues of vehicles on both sides of the debris. A part of the road was cleared by 1pm.  Residents of Sevoke, 20km from here, said the hillside came tumbling down on NH31A that also connects Kalimpong around 4am. Although no houses were damaged, the debris covering about 30 metres of the highway — from Coronation Bridge to the Sevoke police outpost — stopped traffic till the highway was partly cleared.  This is the first major landslide in the hills after Cyclone Aila struck on May 26. At that time there were 40 landslides, which killed 28 people. ","Sevoke, 20km from Siliguri, North Eastern, India (Highway NH31A:Coronation Bridge to the Sevoke police outpost section blocked)",5km,mudslide,downpour,medium,unknown,0,,,,,glc,1037,India,IN,Bengal,12311,Odlābāri,16.91825,04/01/2014 12:00:00 AM,11/20/2017 03:17:00 PM,02/15/2018 03:51:00 PM,88.47,26.89
Thaindian News,http://www.thaindian.com/newsportal/uncategorized/seven-die-in-west-bengal-landslides-lead_100233301.html,1091,08/16/2009 09:00:00 AM,,"Kalimpong, Darjeeling, West Bengal","Landslide killed, occurred at various places, including in tea gardens, along the National Highway 65 connecting Kurseong with Siliguri and Darjeeling, as also in areas like Pankhabari and Rohini Sunday morning following heavy rains over the past two days, said Kurseong sub-divisional police officer Rakesh Singh.","Kalimpong, Darjeeling, West Bengal",25km,landslide,downpour,medium,above_river,2,,,,,glc,1091,India,IN,Bengal,43000,Kālimpang,1.39876,04/01/2014 12:00:00 AM,11/20/2017 03:17:00 PM,02/15/2018 03:51:00 PM,88.43849551,27.02459801
thestatesman.net,http://www.thestatesman.net/page.news.php?clid=1&theme=&usrsess=1&id=164902,151,08/02/2007 12:00:00 AM,,Kurseong,closest to predicted location of Ranchi (480.53),Kurseong,25km,mudslide,rain,medium,unknown,3,,,,,glc,151,India,IN,Bengal,46427,Kārsiyāng,0.89953,04/01/2014 12:00:00 AM,11/20/2017 03:17:00 PM,02/15/2018 03:51:00 PM,88.2789,26.8905
The Economic Times,http://economictimes.indiatimes.com/news/politics-and-nation/another-landslip-occurs-in-darjeeling-even-as-people-return-home-from-relief-shelters/articleshow/47945060.cms,7076,07/04/2015 06:00:00 PM,,near Kalijhora,Another landslip occurred in Darjeeling district even as people are returning home from relief camps where they had taken shelter following landslides since July 1 which claimed lives of 40 people. The landslip occurred near Kalijhora last evening but there was no house in that spot and no casualty or injury was reported.,near Kalijhora,1km,landslide,unknown,small,natural_slope,0,0,,,,glc,7076,India,IN,West Bengal,43000,Kālimpang,15.55312,07/06/2015 03:45:00 PM,11/20/2017 03:17:00 PM,02/15/2018 03:51:00 PM,88.4553,26.9282
thestatesman.net,http://www.thestatesman.net/page.arcview.php?clid=10&id=195422&usrsess=1,218,08/29/2007 12:00:00 AM,,"Ghayabari-Tindharia on National Highway 55, near Darjeeling hills",blocked Hwy 55 and railway transportation,"Ghayabari-Tindharia on National Highway 55, near Darjeeling hills",10km,landslide,rain,medium,unknown,,,,,,glc,218,India,IN,Bengal,123797,Dārjiling,2.88137,04/01/2014 12:00:00 AM,11/20/2017 03:17:00 PM,02/15/2018 03:51:00 PM,88.2548,27.0096
indiablooms,http://www.indiablooms.com/NewsDetailsPage/newsDetails170810t.php,2261,08/17/2010 08:00:00 AM,,"Hatisur(?), Sevok(Sevoke), Kalimpong sub-division, NH 31A between Siliguri and Gangtok, Sikkim","Sikkim on Tuesday was cut off from the rest of the country following landslides on the main artery, 31A National Highway, linking Gangtok and West Bengal's Siliguri town.  Border Roads Organisation (BRO) officials said the link between Gangtok and Siliguri, the nearest railhead of landlocked Sikkim, was breached early on Tuesday after mudslides washed away a portion of the metal road at Hatisur on Sevok under Kalimpong sub-division, resulting in suspension of traffic of Sikkim and Kalimpong.","Hatisur(?), Sevok(Sevoke), Kalimpong sub-division, NH 31A between Siliguri and Gangtok, Sikkim",10km,landslide,downpour,medium,unknown,0,,,,,glc,2261,India,IN,Bengal,43000,Kālimpang,13.98232,04/01/2014 12:00:00 AM,11/20/2017 03:17:00 PM,02/15/2018 03:51:00 PM,88.4445,26.9435
Indian Express,http://indianexpress.com/article/india/india-news-india/west-bengal-rains-landslips-affect-life-in-north-of-state-3079833/,9603,10/12/2016 12:00:00 AM,,Mirik,Another road also collapsed near Mirik in the district.,Mirik,10km,landslide,downpour,medium,below_road,0,0,,,,glc,9603,India,IN,West Bengal,10109,Mirik,1.96884,10/18/2016 11:37:00 AM,11/20/2017 03:17:00 PM,02/15/2018 03:51:00 PM,88.1704,26.8861
indiavision,http://www.indiavision.com/news/article/national/67832/1/print/,1995,06/16/2010 12:00:00 AM,,Tripi (Tirpai?) road of Upper Gumfa area in Kalimpong,"Siliguri, (IANS) At least three people were killed Thursday when a landslide destroyed a house in West Bengal's Darjeeling district, police said. The incident occurred on the Tripi road of Upper Gumfa area in Kalimpong. The dead were identified as Surekha Bhutia (48) and her two children, Debita Bhutia (21) and Sanjong Bhutia (18). Two others in the house were seriously injured, said police officer Puran Subba.",Tripi (Tirpai?) road of Upper Gumfa area in Kalimpong,10km,landslide,rain,medium,unknown,3,,,,,glc,1995,India,IN,Bengal,43000,Kālimpang,1.80243,04/01/2014 12:00:00 AM,11/20/2017 03:17:00 PM,02/15/2018 03:51:00 PM,88.4808,27.0765
I Love Siliguri,http://ilovesiliguri.com/landslides-last-night-threatens-6-more-homes-at-finchaytaar-lodhoma-in-darjeeling/,9220,07/26/2016 11:00:00 PM,,"Finchaytaar, Lodhoma, Darjeeling, India","Landslide in Finchaytaar, Lodhoma, Darjeeling. There was a landslide nearby recently that killed three. Locals think this is caused from the nearby hydro project that uses explosives. Those impacted by landslide were moved to community hall.","Finchaytaar, Lodhoma, Darjeeling, India",1km,landslide,downpour,unknown,unknown,0,0,,,,glc,9220,India,IN,West Bengal,1035,Naya Bāzār,12.10327,07/28/2016 06:12:00 PM,11/20/2017 03:17:00 PM,02/15/2018 03:51:00 PM,88.1218,27.1027
news.oneindia,http://news.oneindia.in/2010/06/12/sikkimcut-off-from-west-bengal-due-to-massivelandslide.html,1963,06/11/2010 12:00:00 AM,,"near Sevok(Sevoke), Highway 31A to Sikkimand Kalimpong, Hatisura(?), Darjeeling","Sevoke (West Bengal), June 12 (ANI): Sikkim was cut off from West Bengal after landslides blocked National Highway 31 A on Friday.  The landslide occurred at Hatisura under Kurseong police station as rocks and boulders accompanied by mud came down the hills blocking the highway.  Scores of vehicles and tourists  were stranded on the both sides of the slide.  ""It is a big landslide and it will take three more hours to clear the way. We are facing problems as we don't have food or water. We were not prepared for this,"" said Dipankar Das, a tourist. 1 hour of rains.","near Sevok(Sevoke), Highway 31A to Sikkimand Kalimpong, Hatisura(?), Darjeeling",10km,landslide,downpour,medium,unknown,0,,1 hour of rain,,,glc,1963,India,IN,Bengal,43000,Kālimpang,13.93339,04/01/2014 12:00:00 AM,11/20/2017 03:17:00 PM,02/15/2018 03:51:00 PM,88.4441,26.944
The Statesman,http://www.thestatesman.com/news/northeast/landslides-snap-siliguri-gangtok-road-link/70121.html,6966,06/17/2015 12:00:00 AM,,"National Highway 31A, Darjeeling Hills","Note: one article listed multiple landslides, unspecific. Following heavy rainfall in the Darjeeling hills, there were three landslides at three spots on National Highway 31A, considered the lifeline of Sikkim.","National Highway 31A, Darjeeling Hills",50km,landslide,downpour,small,unknown,0,0,,,,glc,6966,India,IN,West Bengal,43000,Kālimpang,8.53707,06/25/2015 07:44:00 PM,11/20/2017 03:17:00 PM,02/15/2018 03:51:00 PM,88.4314,26.9974
Telegraph India,http://www.telegraphindia.com/1120915/jsp/siliguri/story_15979380.jsp#.UQ8y7h2x-3I,4552,09/14/2012 12:00:00 AM,,"Takdah, West Bengal","Landslides triggered by heavy overnight rain in the hills caused extensive damage in six tea gardens but planters said the digging being done under the 100-day rural job scheme was making the soil come loose.While work had to be stopped for the day in Takdah and Lopchu gardens because of the slides, Bannockburn, Phoobshering, Ging and Pussimbing reported loss of many tea bushes.“Takdah received around 18 inches of rainfall in the last 24 hours. Around 160 labourer quarters have suffered damage. A 40ft road in Takdah has been washed away in four places and five culverts have been damaged in landslides. There is no approach road to the garden factory now,” said Sandeep Mukherjee, the principal advisor to the Darjeeling Tea Association.","Takdah, West Bengal",5km,landslide,downpour,medium,unknown,,,,,,glc,4552,India,IN,Sikkim,3596,Jorethang,8.50592,04/01/2014 12:00:00 AM,11/20/2017 03:17:00 PM,02/15/2018 03:51:00 PM,88.3603,27.0377
sciencythoughts.blogspot.com,http://sciencythoughts.blogspot.com/2013/09/man-killed-in-darjeeling-landslide.html,5533,09/16/2013 03:00:00 PM,,"Kalimpong, West Bengal","A construction worker has been killed in a landslide at Kalimpong in the Darjeeling District of West Bengal State, India. Witnesses report the landslip was quite small, and buried two men, one of whom was able to dig himself out. However the second man was trapped beneath an iron mesh, used to contain building materials, causing delays in digging him out. The worker was taken to a local hospital but declared dead on arrival. He has been named as Ritesh Chettri, a 30 year old man from Bhalukhop. The incident happened on Monday 16 September 2013 following heavy rain in the area over the weekend","Kalimpong, West Bengal",5km,landslide,downpour,small,unknown,1,,,,,glc,5533,India,IN,Bengal,43000,Kālimpang,0.96259,04/01/2014 12:00:00 AM,11/20/2017 03:17:00 PM,02/15/2018 03:51:00 PM,88.4674,27.0599
Hindustan Times,http://www.hindustantimes.com/india-news/at-least-30-killed-houses-swept-away-in-darjeeling-landslides/article1-1364708.aspx,7040,07/01/2015 12:00:00 AM,,Sukhiapokhari,At least 30 people were killed in landslides triggered by heavy rainfall in West Bengal's Darjeeling district early on Wednesday even as more reports of major damages were pouring in.,Sukhiapokhari,1km,landslide,downpour,medium,unknown,1,0,,,,glc,7040,India,IN,West Bengal,123797,Dārjiling,10.64172,10/15/2015 09:40:00 PM,11/20/2017 03:17:00 PM,02/15/2018 03:51:00 PM,88.167,26.9978
Telegraph,http://www.telegraphindia.com/1150218/jsp/siliguri/story_3972.jsp#.VOUXUPnF98E,6782,09/28/2011 12:00:00 AM,,NH55 at Tindharia,"Before the Paglajhora stretch could be mended, two landslides - in September 2011 and July 2012 - washed away another section of NH55 at Tindharia, which is 10km from Paglajhora.",NH55 at Tindharia,exact,landslide,rain,medium,below_road,0,0,,http://dhrs.org/wpimages/wpd7e7f178_05_06.jpg,,glc,6782,India,IN,West Bengal,46427,Kārsiyāng,6.71494,02/18/2015 11:23:00 PM,11/20/2017 03:17:00 PM,02/15/2018 03:51:00 PM,88.3372,26.8545
twocircles.net,http://twocircles.net/2011jul20/landslide_snaps_siligurisikkim_highway_link.html,3813,07/20/2011 12:00:00 AM,,National Highway 31A in West Bengal's Darjeeling district,"Siliguri : The road link between Siliguri and Sikkim was snapped for about six hours Wednesday after heavy overnight rains triggered a landslide on National Highway 31A in West Bengal's Darjeeling district, police said.  Hundreds of vehicles remained stalled for six hours following the landslide, which resulted in a 20-foot wide crater on the highway, considered the lifeline to Sikkim.  ""Around 500 vehicles were stranded on both sides. However, a few vehicles took other longer routes,"" said a police officer.  The General Reserve Engineer Force personnel managed to repair the road after a six-hour effort.  ""The road was opened at 1.40 p.m.,"" said the officer.  National Highway 31A runs along the banks of the Teesta river linking the Sikkim capital Gangtok with Sevoke, near Siliguri, on National Highway 31.",National Highway 31A in West Bengal's Darjeeling district,25km,landslide,rain,small,unknown,0,,,,,glc,3813,India,IN,Bengal,43000,Kālimpang,5.07138,04/01/2014 12:00:00 AM,11/20/2017 03:17:00 PM,02/15/2018 03:51:00 PM,88.4658,27.1141
beacononline.wordpress,http://beacononline.wordpress.com/2009/08/21/sikkim-landslides-disturb-power-lines-link-roads/,1111,08/20/2009 12:00:00 AM,,"Melli Chalisey, Sikkim","Minor landslides have also occurred at Melli Chalisey where one kachha house belonging to Khem Bahadur Ghataney has been affected. According to the residents, the house belonging to Khem Bahadur, which has been tilting is likely to affect other nearby houses if the rain continues in the same pace and gravity. “There is a possibility that another house belonging to P Biswakarma located in the same area will be damaged in the same manner,” the locals said. The torrential rains have also affected several roads linking to villages. Some of the damaged roads were cleared within the stipulated time while some roads are under the process of clearance.","Melli Chalisey, Sikkim",5km,landslide,downpour,medium,unknown,0,,,,,glc,1111,India,IN,Bengal,43000,Kālimpang,7.35875,04/01/2014 12:00:00 AM,11/20/2017 03:17:00 PM,02/15/2018 03:51:00 PM,88.4575,27.1344
blog.taragana,http://blog.taragana.com/n/darjeeling-toy-train-suspended-118172/,1056,07/22/2009 12:00:00 AM,,"Darjeeling, West Bengal ","The disruption of popular toy train services in Darjeeling disappointed the tourists as the rail track was damaged by the landslides in the region. The track has been washed away at Gayabari, Kerseong and Darjeeling due to heavy incessant rainfall and landslides from the hills.","Darjeeling, West Bengal ",10km,landslide,downpour,medium,below_road,0,,,,,glc,1056,India,IN,Bengal,123797,Dārjiling,0.78466,04/01/2014 12:00:00 AM,11/20/2017 03:17:00 PM,02/15/2018 03:51:00 PM,88.264,27.04
Business Standard,http://www.business-standard.com/article/news-ians/sikkim-s-nh31-a-lifeline-closed-for-repairs-114071501335_1.html,6146,07/15/2014 12:00:00 AM,,"Kalimpong, West Bengal","With a landslide badly disrupting traffic, National Highway 31-A connecting Gangtok with Siliguri in West Bengal and considered Sikkim's ""lifeline"" will be closed for a day from Wednesday for repairs. With a major chunk of the highway caving in near Kalimpong in Darjeeling district and threatening to cut off Sikkim from the rest of the country, the administration has roped in the services of General Reserve Engineer Force (GREF). According to the district administration, the highway will be closed for 24 hours from 6 a.m. Wednesday to enable the GREF to construct a Bailey bridge on the landslide-affected area for the traffic to resume. Both the Sikkim and Darjeeling administration have warned tourists and drivers against using the highway to avert any tragedy.","Kalimpong, West Bengal",1km,landslide,rain,small,above_road,0,0,,,,glc,6146,India,IN,West Bengal,43000,Kālimpang,1.12347,08/24/2014 12:00:00 AM,11/20/2017 03:17:00 PM,02/15/2018 03:51:00 PM,88.4694,27.059
hamaraphotos.com,http://hamaraphotos.com/news/national/massive-landslide-kills-at-least-five-people-in-siliguri.html,1088,08/16/2009 02:00:00 AM,,"Kerseong, Sub-division, Siliguri district, West Bengal","At least five people were killed in West Bengal’s Siliguri district in a massive landslide, which was triggered by incessant overnight rains, officials said on Sunday.","Kerseong, Sub-division, Siliguri district, West Bengal",5km,landslide,downpour,medium,unknown,5,,,,,glc,1088,India,IN,Bengal,46427,Kārsiyāng,0.21657,04/01/2014 12:00:00 AM,11/20/2017 03:17:00 PM,02/15/2018 03:51:00 PM,88.28044714,26.8867642
thehimalayanbeacon.com,http://thehimalayanbeacon.com/magazine/2010/08/21/sikkim-landslides-heavy-toll-2-gpus-completely-cut/,2296,08/20/2010 12:00:00 AM,,"many locations around Namchi, Sikkim","Posted by Barun Roy on August 21st, 2010  Namchi: The heavy down pour last two days resulted in much damages at two Gram Panchayat units Lingee-Sokpay and Payoung-Kaw under Yangyany Block Administrative Centre. Kubernath Timshina, Panchayat President of Payoung-Kaw GPU, informs that in the wake of a huge landslide the family members and live stock of Ambika Prashad Adhakari of Millde Payoung have been shifted to other safe place since his house was heavily damaged by the slide.  The houses of Hemlal Adhakari and Rabilal Adhakari of Middle Payoung are also on the verge of collapse due to a heavy mud slip from the new cutting of PWD road. At Lingee village, following heavy rainfall the kitchen of Bhakti Maya Dabhari was completely buried by landslide and her house was also partly damaged. In Dara Karhaha ward of Payoung-Kaw Gram Panchayat Unit, the house of Tek Bdr. Rai was heavily damaged by the new cutting of PMGSY road and if the rain continues for one more day he has to be shifted to","many locations around Namchi, Sikkim",10km,complex,downpour,medium,unknown,0,,,,,glc,2296,India,IN,Sikkim,1147,Namchi,0.47225,04/01/2014 12:00:00 AM,11/20/2017 03:17:00 PM,02/15/2018 03:51:00 PM,88.3652,27.167
Hindu,https://web.archive.org/web/20110722180056/http://www.thehindu.com/news/states/other-states/article2276615.ece,3794,07/17/2011 12:00:00 AM,,West Bengal-Sikkim at highway Rambi,"The ongoing monsoons have once again started to take its toll along NH-31A, with various places along the West Bengal-Sikkim highway being blocked because of landslides, police said.  After closing down the highway for over 12 hours at Rambi in the West Bengal side on June 17, the rains have once again disrupted traffic along the highway since Tuesday.  “The highway is blocked at a place around 200 meters from Teesta Bridge towards Siliguri. The spot which is near the Shiv Mandir at the infamous Likhey Bhir is informed to have lost a section of the road due to heavy rains,” Janmukti Chalak Mahasangh’s (JCM) president Milan Pradhan said.  The section of the road broke down at around mid-night on Tuesday after which traffic came to a standstill with vehicles on either side returning back to their destinations or taking alternative routes via Darjeeling, Kurseong or Mirik, police said.  Drivers are also taking the route via Kalimpong-Lava-Gurubathan and Damdim and entering Siliguri throug",West Bengal-Sikkim at highway Rambi,5km,landslide,rain,medium,above_road,,,,,,glc,3794,India,IN,Sikkim,3596,Jorethang,4.44389,04/01/2014 12:00:00 AM,11/20/2017 03:17:00 PM,02/15/2018 03:51:00 PM,88.42280921,26.99195749
headlinesindia,http://www.headlinesindia.com/natural-disasters/flood/darjeeling-landslide-toll-reaches-27-12747.html,1032,05/26/2009 12:00:00 AM,,"Rangiabong (Jorbungalow), Darjeeling, West Bengal","With the recovery of three more bodies, the toll in the landslides in West Bengal's hill district of Darjeeling due to Cyclone Aila has risen to 27, police said today.   ""We have recovered three bodies from the debris at Rangiabong under Jorbungalow police station area this (Thursday) morning. One of the bodies has been identified as Pramila Rai, 68,"" a senior official of the Jorbungalow police station said.   He said the teams of Natural Disaster Management Authority have started rescue operations in the cyclone-hit areas.   Meanwhile, state Home Secretary Ardhendu Sen reached Darjeeling Thursday morning to hold meetings with the district administration. He is likely to visit the landslide-affected zones and will also survey the situation there.   ""Search operations are on in some areas as at least four people are still missing from the Darjeeling district after the cyclonic storm,"" the police officer said.   According to district administration sources, 14 bodies were found in ar","Rangiabong (Jorbungalow), Darjeeling, West Bengal",5km,landslide,tropical_cyclone,medium,unknown,6,,Cyclone Aila,,,glc,1032,India,IN,Bengal,123797,Dārjiling,2.7428,04/01/2014 12:00:00 AM,11/20/2017 03:17:00 PM,02/15/2018 03:51:00 PM,88.2592,27.0095
beacononline.wordpress,http://beacononline.wordpress.com/2009/08/21/darjeeling-hillssikkim-landslides-claim-five-in-hills/,1107,08/20/2009 12:00:00 AM,,"Geetkolbong, Kalimpong sub-division, Darjeeling, West Bengal",Four-years-old Ashish Rai of Geetkolbong in Kalimpong sub-division was also killed by the landslide in that area.,"Geetkolbong, Kalimpong sub-division, Darjeeling, West Bengal",25km,landslide,continuous_rain,medium,unknown,1,,,,,glc,1107,India,IN,Bengal,43000,Kālimpang,1.39876,04/01/2014 12:00:00 AM,11/20/2017 03:17:00 PM,02/15/2018 03:51:00 PM,88.4779,27.0736
indiavision,http://www.indiavision.com/news/article/national/88496/,2201,08/05/2010 12:00:00 AM,,"Darjeeling district, West Bengal, Toy Train route","Landslide in West Bengal's Darjeeling district caused the roads to cave in, which in turn severely damaged the narrow gauge track on which the famous Toy train runs. Massive landslide occurred due to heavy downpour on Thursday. The landslide has upset all road links from Siliguri to various other places in Darjeeling district such as the hill resort of Darjeeling, Kalimpong, Kurseong and Sukna.","Darjeeling district, West Bengal, Toy Train route",5km,landslide,downpour,medium,unknown,0,,,,,glc,2201,India,IN,Bengal,123797,Dārjiling,0.51321,04/01/2014 12:00:00 AM,11/20/2017 03:17:00 PM,02/15/2018 03:51:00 PM,88.263,27.0366
The Statesman,http://www.thestatesman.com/news/northeast/landslides-snap-siliguri-gangtok-road-link/70121.html,6965,06/17/2015 12:00:00 AM,,"National Highway 31A, Darjeeling Hills","Note: one article listed multiple landslides, unspecific. Following heavy rainfall in the Darjeeling hills, there were three landslides at three spots on National Highway 31A, considered the lifeline of Sikkim.","National Highway 31A, Darjeeling Hills",50km,landslide,downpour,small,unknown,0,0,,,,glc,6965,India,IN,West Bengal,43000,Kālimpang,5.85756,06/25/2015 07:40:00 PM,11/20/2017 03:17:00 PM,02/15/2018 03:51:00 PM,88.4301,27.0257
thestatesman.net,http://www.thestatesman.net/page.news.php?clid=10&theme=&usrsess=1&id=162949,126,07/16/2007 12:00:00 AM,,Bardang near Singtam,closest to predicted location of Gauhati (336.70 km),Bardang near Singtam,25km,mudslide,rain,medium,unknown,,,,,,glc,126,India,IN,Sikkim,1147,Namchi,2.01104,04/01/2014 12:00:00 AM,11/20/2017 03:17:00 PM,02/15/2018 03:51:00 PM,88.38,27.1499
buzzg.com,http://buzzg.com/news/heavy-rainfall-triggers-landslide-blocks-traffic-on-nh-55.html,2214,08/06/2010 12:00:00 AM,,Dārjiling : The traffic along the National Highway 55 was disrupted on Friday following a heavy rainfall that triggered landslide in the Darjeeling H*,"The traffic along the National Highway 55 was disrupted on Friday following a heavy rainfall that triggered landslide in the Darjeeling Hills valley region. The landslide blocked all road links from Siliguri in the foothills to various other places in Darjeeling District. No human casualties, were, however, reported from Gayabari village, where the landslide caused extensive damage. “The trends of landslide are very dangerous here. We have 15 households here and all of them have been shifted to the Jawahar Jyoti Primary School nearby due to fear of further landslides,” said Dhan Bahadur Pradhan, a local resident of Gayabari.",,25km,landslide,downpour,medium,unknown,0,,,,,glc,2214,India,IN,Bengal,123797,Dārjiling,0.60669,04/01/2014 12:00:00 AM,11/20/2017 03:17:00 PM,02/15/2018 03:51:00 PM,88.2627,27.0375
IBN,http://ibnlive.in.com/generalnewsfeed/news/five-killed-in-landslides-in-sikkim/801295.html,3943,08/23/2011 12:00:00 AM,,"Samathang, Sikkim","Five persons including two minors were killed in two separate landslides incident in West Sikkim district, official sources said today. A cloud burst triggered a massive landslide at Samathang village, near Malbasey in West Sikkim in which three members of a family including two children were killed midnight last night, the sources said. Nirmaya Chettri (36) and her two daughters - Manju (16) and Anju (6) were killed while her husband Pratab Chettri was injured when the landslide destroyed their house, they said. In the second landslide incident two persons - Santa Bir Majhi and Sarki Maji working as casual labourers at a private construction site at Hee-Khola in West district were killed on the spot when loose muck from the construction site buried them in the site today, the sources said.","Samathang, Sikkim",10km,landslide,downpour,medium,unknown,5,,,,,glc,3943,India,IN,,1464,Mangan,27.20627,04/01/2014 12:00:00 AM,11/20/2017 03:17:00 PM,02/15/2018 03:51:00 PM,88.22551799,27.13862165
Hindu,http://www.thehindu.com/news/national/other-states/life-remains-hit-in-darjeeling-hills/article9222389.ece,9618,10/15/2016 12:00:00 AM,,Kalijhora,"Senior officials of Alipurduar and Darjeeling Hills district said with boulders still blocking the road at Kalijhora and Raktikhola, vehicles were being diverted through Panighata via Hillcart Road even though some parts of the road was in bad shape.",Kalijhora,1km,rock_fall,downpour,small,above_road,0,0,,,,glc,9618,India,IN,West Bengal,43000,Kālimpong,15.33643,10/19/2016 12:59:00 PM,11/20/2017 03:17:00 PM,02/15/2018 03:51:00 PM,88.4486,26.9343
Landslide Blog,http://blogs.agu.org/landslideblog/2012/07/28/a-landslide-is-rapidly-destroying-a-world-heritage-site-in-india/,6783,07/19/2012 12:00:00 AM,,Tindharia railway maintenance shed,"Unfortunately, on 19th-20th July 2012, the Tindharia landslide reactivated considerably during a heavy monsoon rainstorm, and has now removed both a substantial section of track and started to damage the walls of the shed.  Save the Hills has an image of the site at the crown of the landslide:",Tindharia railway maintenance shed,exact,landslide,monsoon,medium,below_road,0,0,,http://blogs.agu.org/landslideblog/files/2012/07/12_07-DHR-5.jpg,,glc,6783,India,IN,West Bengal,46427,Kārsiyāng,6.71565,02/18/2015 11:18:00 PM,11/20/2017 03:17:00 PM,02/15/2018 03:51:00 PM,88.3373,26.8546
NDTV,http://www.ndtv.com/cities/darjeelings-toy-train-service-suspended-due-to-landslides-1474442,9617,10/15/2016 12:00:00 AM,,Zero near Kurseong,Boulders crashed on the railway tracks at Zero near Kurseong town.,Zero near Kurseong,5km,landslide,unknown,medium,above_road,0,0,,,,glc,9617,India,IN,West Bengal,46427,Kārsiyāng,0.65153,10/19/2016 12:49:00 PM,11/20/2017 03:17:00 PM,02/15/2018 03:51:00 PM,88.2796,26.888
thestatesman,,1110,08/20/2009 08:30:00 PM,,"Kurseong, Darjeeling, West Bengal","The landslides damaged a number of houses in the Kurseong sub-division. According to the Kurseong sub-division relief officer, Mrs Aasha Mukhia Lama, 70 houses were partially damaged in the Mirik municipal area.Two persons were killed and 10 others were injured following a series of landslides and flashfloods triggered by incessant rains in Sombaria and Daramdin in west Sikkim since last night. According to the SDO, Soreng, Mr Bhim Thatal, Puspa Mani Pradhan and Sameer Subba died on the spot when flashfloods washed at least 10 houses and claimed a dozen cattles at Sombaria at 8.30 p.m. last evening.","Kurseong, Darjeeling, West Bengal",10km,landslide,continuous_rain,medium,urban,,,,,,glc,1110,India,IN,Bengal,46427,Kārsiyāng,0.21657,04/01/2014 12:00:00 AM,11/20/2017 03:17:00 PM,02/15/2018 03:51:00 PM,88.28087032,26.88405686
The Indian Express,http://indianexpress.com/videos/news-video/darjeeling-landslide-takes-three-lives/,9074,07/20/2016 12:00:00 AM,,"Rimbik, Darjeeling, West Bengal state, India","At least three people died in a landslide in Rimbik area of Darjeeling on Wednesday. The state has been receiving heavy rains, triggering flash floods and landslides in several areas. The meteorological department has predicted more rainfall in the next 24 hours.","Rimbik, Darjeeling, West Bengal state, India",1km,landslide,downpour,large,natural_slope,3,0,,,,glc,9074,India,IN,West Bengal,1035,Naya Bāzār,13.24941,07/20/2016 04:19:00 PM,11/20/2017 03:17:00 PM,02/15/2018 03:51:00 PM,88.1069,27.1176
The Times of India,http://timesofindia.indiatimes.com/india/Darjeeling-landslides-kill-20/articleshow/47891729.cms,7037,07/01/2015 12:00:00 AM,,Kurseong,"According to a report with boulders and rocks covering the main road in Kurseong, at Khahare Khola, the access to Siliguri via NH 55 is cut off.",Kurseong,5km,landslide,downpour,medium,unknown,0,0,,,,glc,7037,India,IN,West Bengal,46427,Kārsiyāng,0.17186,11/05/2015 02:27:00 PM,11/20/2017 03:17:00 PM,02/15/2018 03:51:00 PM,88.2779,26.8811
business-standard,http://www.business-standard.com/generalnews/news/landslides-block-several-roads-in-south-sikkim-district/57119/,4556,09/16/2012 12:00:00 AM,,"Namchi to Phongla, Namchi to Melli ,Namchi to Sumbuk","Landslides caused by heavy rainfall has blocked several roads in the South district of Sikkim, official sources said today. The road from Namchi to Phongla, Namchi to Melli and Namchi to Sumbuk were blocked due to landslides, as were the roads from Phongla to Bermiok and Phongla to Mamring.he road from Melli to Phongla and Melli to Sadam is also blocked while last night's downpour also affected road connectivity from Yangang to Ravangla, Yangang to Singtam and Yangang to Lingmoo.","Namchi to Phongla, Namchi to Melli ,Namchi to Sumbuk",5km,landslide,downpour,medium,unknown,,,,,,glc,4556,India,IN,Sikkim,1147,Namchi,0.52839,04/01/2014 12:00:00 AM,11/20/2017 03:17:00 PM,02/15/2018 03:51:00 PM,88.3651,27.1675
Telegraph India,http://www.telegraphindia.com/1110620/jsp/frontpage/story_14134589.jsp,3632,06/20/2011 08:30:00 PM,,"Birik on NH31A, Kalimpong","In Kalimpong town, power was disrupted from around 10.30am this morning. Despite the rains no major landslides were reported from across the hills. “There have been a number of small landslips in various places but no casualties have been reported till now,” said a district official. A landslide at Birik on NH31A around 8.30pm today cut off Sikkim’s only road link once more. The road had shut down on Friday night after boulders came tumbling down at the same spot, 40km from Rangpo in Kalimpong subdivision. It had reopened around noon yesterday.  ","Birik on NH31A, Kalimpong",5km,landslide,rain,medium,unknown,0,,,,,glc,3632,India,IN,Bengal,43000,Kālimpang,0.5091,04/01/2014 12:00:00 AM,11/20/2017 03:17:00 PM,02/15/2018 03:51:00 PM,88.4659,27.0638
savethehills.blogspot,http://savethehills.blogspot.com/2008/06/preliminary-report-on-mamring-kurseong.html,614,06/29/2008 12:00:00 AM,,"Kurseong sub division, Mamring","A major landslide took place in Mamring, a village of 170 houses in Kurseong subdivision at around 0830hrs today (29Jun2008).Luckily there were no casualties, but the area is still in danger because of the huge boulders from above which threaten to flatten the village at any time.","Kurseong sub division, Mamring",5km,landslide,unknown,medium,unknown,,,,,,glc,614,India,IN,Bengal,46427,Kārsiyāng,0.87238,04/01/2014 12:00:00 AM,11/20/2017 03:17:00 PM,02/15/2018 03:51:00 PM,88.28,26.89
The hindu.com,http://www.hindu.com/thehindu/holnus/001200709072070.htm,242,09/07/2007 12:00:00 AM,,"Darjeeling Hills, multiple villages in area (Kurseong, Kalimpong, Bhalukopa, Kukhleinkhani)",multiple landslides in different villages,"Darjeeling Hills, multiple villages in area (Kurseong, Kalimpong, Bhalukopa, Kukhleinkhani)",25km,landslide,rain,medium,unknown,,,,,,glc,242,India,IN,Bengal,46427,Kārsiyāng,0.6035,04/01/2014 12:00:00 AM,11/20/2017 03:17:00 PM,02/15/2018 03:51:00 PM,88.2833,26.8833
Hindu,http://www.thehindu.com/news/states/other-states/article2276615.ece,3805,07/19/2011 12:00:00 AM,,200 meters from Teesta Bridge towards Siliguri,"The ongoing monsoons have once again started to take its toll along NH-31A, with various places along the West Bengal-Sikkim highway being blocked because of landslides, police said.  After closing down the highway for over 12 hours at Rambi in the West Bengal side on June 17, the rains have once again disrupted traffic along the highway since Tuesday.  “The highway is blocked at a place around 200 meters from Teesta Bridge towards Siliguri. The spot which is near the Shiv Mandir at the infamous Likhey Bhir is informed to have lost a section of the road due to heavy rains,” Janmukti Chalak Mahasangh’s (JCM) president Milan Pradhan said.  The section of the road broke down at around mid-night on Tuesday after which traffic came to a standstill with vehicles on either side returning back to their destinations or taking alternative routes via Darjeeling, Kurseong or Mirik, police said.  Drivers are also taking the route via Kalimpong-Lava-Gurubathan and Damdim and entering Siliguri throug",200 meters from Teesta Bridge towards Siliguri,1km,landslide,rain,medium,above_road,0,,,,,glc,3805,India,IN,Sikkim,3596,Jorethang,4.44389,04/01/2014 12:00:00 AM,11/20/2017 03:17:00 PM,02/15/2018 03:51:00 PM,88.42572376,27.05374234
The Indian Express,http://indianexpress.com/article/cities/kolkata/farmer-killed-fresh-landslide-in-kurseong/,7138,07/07/2015 12:00:00 AM,,"NH-10, Sepi Jhora, Kalimpong",the road was cleared by 7 am the next day.,"NH-10, Sepi Jhora, Kalimpong",5km,landslide,continuous_rain,small,above_road,0,0,,,,glc,7138,India,IN,Sikkim,43000,Kālimpang,2.91557,07/10/2015 05:32:00 PM,11/20/2017 03:17:00 PM,02/15/2018 03:51:00 PM,88.4397,27.0816
Statesman,http://www.thestatesman.com/news/bengal/the-case-of-the-missing-8/79105.html,7363,06/30/2015 11:00:00 PM,,"Limbu Dhura, Tingling","A cousin of the Suvedi family, Balkrishna Suvedi said that that on devastating 30 June night, a total of 19 persons lost their lives in the landslides at Limbu Dhura, Tingling, in Mirik out of which 11 were from their family.","Limbu Dhura, Tingling",25km,landslide,downpour,medium,unknown,19,0,,http://cms.thestatesman.com/cms/gall_content/2015/7/2015_7$largeimg31_Jul_2015_050958663.jpg,,glc,7363,India,IN,West Bengal,10109,Mirik,0.78377,11/03/2015 06:36:00 PM,11/20/2017 03:17:00 PM,02/15/2018 03:51:00 PM,88.1835,26.8843
Hindu,http://www.thehindu.com/news/national/other-states/life-remains-hit-in-darjeeling-hills/article9222389.ece,9619,10/15/2016 12:00:00 AM,,Namchi,"The road on way to Peiling in Sikkim remained cut off due to landslides at Namchi and Rangpo but the Lava-Lolegaon route in Darjeeling was still working, though only for cars and the small vehicles took long detour through the second route, the officials said.",Namchi,5km,landslide,rain,medium,above_road,0,0,,,,glc,9619,India,IN,Sikkim,1147,Namchi,0.56687,10/19/2016 01:07:00 PM,11/20/2017 03:17:00 PM,02/15/2018 03:51:00 PM,88.3664,27.1695
beacononline.wordpress,http://beacononline.wordpress.com/2009/08/16/darjeeling-hills-five-killed-in-landslides-highway-blocked/,1090,08/16/2009 12:00:00 AM,,"Malutar tea estate, Darjeeling, West Bengal","Two other persons Kala Sherpa (42) of Sirubari and Jaikumar Rai (30) of Malutar tea estate were also killed in a landslide, the DM said.","Malutar tea estate, Darjeeling, West Bengal",5km,landslide,downpour,medium,unknown,2,,,,,glc,1090,India,IN,Bengal,123797,Dārjiling,8.13774,04/01/2014 12:00:00 AM,11/20/2017 03:17:00 PM,02/15/2018 03:51:00 PM,88.268,26.9599
Daily India,http://www.dailyindia.com/show/176095.php/Frequent-landslides-in-Bengal-Sikkim-damage-highways,274,09/20/2007 12:00:00 AM,,"Multiple places along 31A, Tarkhola area in Kalimpong district and Sevoke in WB",Roads were in deplorable condition after multiple days of heavy rain caused landslides in area,"Multiple places along 31A, Tarkhola area in Kalimpong district and Sevoke in WB",50km,landslide,rain,medium,unknown,,,,,,glc,274,India,IN,Bengal,43000,Kālimpang,2.26284,04/01/2014 12:00:00 AM,11/20/2017 03:17:00 PM,02/15/2018 03:51:00 PM,88.4572,27.0875
The Times of India,http://timesofindia.indiatimes.com/india/Darjeeling-landslides-kill-20/articleshow/47891729.cmshttp://timesofindia.indiatimes.com/india/Darjeeling-landslides-kill-20/articleshow/47891729.cms,7038,07/01/2015 12:00:00 AM,,"Khahare Khola, Kurseong","According to a report with boulders and rocks covering the main road in Kurseong, at Khahare Khola, the access to Siliguri via NH 55 is cut off.","Khahare Khola, Kurseong",10km,landslide,downpour,medium,above_road,0,0,,,,glc,7038,India,IN,West Bengal,46427,Kārsiyāng,0.32102,07/01/2015 07:17:00 PM,11/20/2017 03:17:00 PM,02/15/2018 03:51:00 PM,88.2807,26.8781
Business Standard,http://www.business-standard.com/article/pti-stories/rains-landslips-affect-life-in-north-bengal-116101201035_1.html,9587,10/12/2016 12:00:00 AM,,between Siliguri and Sevak,"A major portion at one spot of a key road between Siliguri and Sevak in Darjeeling district caved in due to landslip and only small cars were passing by the remaining portion of the road with great risk, the officials said.",between Siliguri and Sevak,25km,landslide,downpour,medium,below_road,0,0,,,,glc,9587,India,IN,West Bengal,12311,Odlābāri,16.30041,10/18/2016 11:54:00 AM,11/20/2017 03:17:00 PM,02/15/2018 03:51:00 PM,88.4695,26.8692
myrepublica,http://www.myrepublica.com/portal/index.php?action=news_details&news_id=8836,1104,08/19/2009 12:00:00 AM,,Mechi Highway at Siteni of Kolbu-9 (Kolbung??),"Owing to another landslide, a section of Mechi Highway has caved in at Siteni of Kolbu-9. Landslide has also disrupted power supply in some parts of Ilam.",Mechi Highway at Siteni of Kolbu-9 (Kolbung??),10km,landslide,downpour,medium,unknown,0,,,,,test,1104,Nepal,NP,Eastern Region,10109,Mirik,11.33063,04/01/2014 12:00:00 AM,11/20/2017 03:17:00 PM,02/15/2018 03:51:00 PM,88.125,26.8042
The Indian Express,http://indianexpress.com/article/cities/kolkata/farmer-killed-fresh-landslide-in-kurseong/,7139,07/07/2015 11:00:00 PM,,Kurseong,Body of a 53-year-old farmer was recovered in Kalimpong Wednesday morning after heavy rain resulted in another landslide in Kurseong in the disaster-torn Darjeeling district late Tuesday night. Officials say Dilli Ram Adhikary was washed away in the rain and his body was recovered from Lower Bong Bustee in Kalimpong region. - See more at: http://indianexpress.com/article/cities/kolkata/farmer-killed-fresh-landslide-in-kurseong/#sthash.48iEGRr2.dpuf,Kurseong,5km,landslide,continuous_rain,medium,unknown,1,0,,http://images.indianexpress.com/2015/07/landslide-pune.jpg,,glc,7139,India,IN,West Bengal,46427,Kārsiyāng,0.32469,02/04/2016 04:44:00 PM,11/20/2017 03:17:00 PM,02/15/2018 03:51:00 PM,88.2806,26.8826
I Love Siliguri,http://ilovesiliguri.com/nh10-closed-landslide-between-coronation-bridge-and-sevoke-kalibari-today-morning/,9138,07/21/2016 09:00:00 AM,,"NH 10 between Coronation Bridge and Sevoke Kalibari, West Bengal, India",Landslide closes NH 10 between Coronation Bridge and Sevoke Kalibari today.,"NH 10 between Coronation Bridge and Sevoke Kalibari, West Bengal, India",1km,landslide,rain,medium,above_road,0,0,,,,glc,9138,India,IN,West Bengal,12311,Odlābāri,17.23368,07/22/2016 07:50:00 PM,11/20/2017 03:17:00 PM,02/15/2018 03:51:00 PM,88.4719,26.9015
headlinesindia,http://www.headlinesindia.com/natural-disasters/flood/darjeeling-landslide-toll-reaches-27-12747.html,1031,05/26/2009 12:00:00 AM,,"Kurseong, Darjeeling, West Bengal","With the recovery of three more bodies, the toll in the landslides in West Bengal's hill district of Darjeeling due to Cyclone Aila has risen to 27, police said today.   ""We have recovered three bodies from the debris at Rangiabong under Jorbungalow police station area this (Thursday) morning. One of the bodies has been identified as Pramila Rai, 68,"" a senior official of the Jorbungalow police station said.   He said the teams of Natural Disaster Management Authority have started rescue operations in the cyclone-hit areas.   Meanwhile, state Home Secretary Ardhendu Sen reached Darjeeling Thursday morning to hold meetings with the district administration. He is likely to visit the landslide-affected zones and will also survey the situation there.   ""Search operations are on in some areas as at least four people are still missing from the Darjeeling district after the cyclonic storm,"" the police officer said.   According to district administration sources, 14 bodies were found in ar","Kurseong, Darjeeling, West Bengal",5km,landslide,tropical_cyclone,medium,unknown,7,,Cyclone Aila,,,glc,1031,India,IN,Bengal,46427,Kārsiyāng,0.21657,04/01/2014 12:00:00 AM,11/20/2017 03:17:00 PM,02/15/2018 03:51:00 PM,88.2791,26.8836
The Statesman,http://www.thestatesman.com/news/northeast/landslides-snap-siliguri-gangtok-road-link/70121.html,6964,06/17/2015 12:00:00 AM,,"National Highway 31A, Darjeeling Hills","Note: one article listed multiple landslides, unspecific. Following heavy rainfall in the Darjeeling hills, there were three landslides at three spots on National Highway 31A, considered the lifeline of Sikkim.","National Highway 31A, Darjeeling Hills",50km,landslide,downpour,small,unknown,0,0,,,,glc,6964,India,IN,West Bengal,43000,Kālimpang,6.96339,06/25/2015 07:37:00 PM,11/20/2017 03:17:00 PM,02/15/2018 03:51:00 PM,88.443,27.0087
India Today In,http://indiatoday.intoday.in/story/darjeeling-landslides-heavy-rains-west-bengal/1/448268.html,7039,07/01/2015 12:00:00 AM,,8 mile in Kalimpong,15 people missing at 8th and 11th mile,8 mile in Kalimpong,1km,landslide,downpour,medium,unknown,0,0,,,,glc,7039,India,IN,West Bengal,43000,Kālimpang,0.90229,07/01/2015 07:09:00 PM,11/20/2017 03:17:00 PM,02/15/2018 03:51:00 PM,88.456,27.0678
The hindu.com,,231,09/05/2007 12:00:00 AM,,Darjeeling Hills (Lebong - 10 km from Darjeeling,"damaged structures in area, one debris flow hit a jeep at 7:30am",Darjeeling Hills (Lebong - 10 km from Darjeeling,5km,landslide,rain,medium,unknown,15,,,,,glc,231,India,IN,Bengal,123797,Dārjiling,0.79891,04/01/2014 12:00:00 AM,11/20/2017 03:17:00 PM,02/15/2018 03:51:00 PM,88.28121204,27.06826195
"The Hindu, Bharat Press",,7036,07/01/2015 12:00:00 AM,,"Mahendra village, Thana Line, Tingling Garden village in Mirik","At least 20 people went missing after a rain-triggered landslip in Mirik, A local district administration official said the landslip was “huge” and “may have killed many.""Three people were killed in Mahendra village, two in Thana Line and 14 in Tingling Limbu village in Mirik.","Mahendra village, Thana Line, Tingling Garden village in Mirik",5km,landslide,downpour,large,unknown,42,0,,,,glc,7036,India,IN,West Bengal,10109,Mirik,1.28532,07/09/2015 05:40:00 PM,11/20/2017 03:17:00 PM,02/15/2018 03:51:00 PM,88.1881,26.8352
beacononline.wordpress,http://beacononline.wordpress.com/2009/08/21/darjeeling-hillssikkim-landslides-claim-five-in-hills/,1106,08/20/2009 12:00:00 AM,,"(Okai Tea Garden) Mirik, Darjeeling, West Bengal","While Dal Bahadur Rai (50) and his wife Sunita Rai alias Shanti Rai (47), residents of Tarsing Busty in Mirik, were buried in the debris when the hill side came tumbling down while they were sleeping in their home, the four-years-old Ashish Rai of Geetkolbong in Kalimpong sub-division was also killed by the landslide in that area.","(Okai Tea Garden) Mirik, Darjeeling, West Bengal",1km,landslide,continuous_rain,medium,unknown,2,,,,,glc,1106,India,IN,Bengal,10109,Mirik,2.62334,04/01/2014 12:00:00 AM,11/20/2017 03:17:00 PM,02/15/2018 03:51:00 PM,88.1667,26.8992
news.oneindia,http://news.oneindia.in/2010/07/04/landslidedisrupts-toy-train-services-in-darjeelingdisappo.html,2034,07/04/2010 12:00:00 AM,,"Toy Train rails between Siliguri and Darjeeling, West Bengal","The services of Darjeeling Himalayan Railway (DHR), also known as Toy Train, has been suspended due to a landslide in the hills, disappointing hundreds of tourists coming here from different parts of the country.  The landslide took place on the National Highway 55 severely damaging the narrow gauge track on which the train runs.  But the local rail authority have not taken any initiative to inform the tourists and they continued booking tickets for the toy train journey, leaving tourists angry and disappointed when they learn about disruption of services.","Toy Train rails between Siliguri and Darjeeling, West Bengal",exact,landslide,rain,medium,below_road,0,,,,,glc,2034,India,IN,Bengal,46427,Kārsiyāng,5.89631,03/04/2015 12:22:00 AM,11/20/2017 03:17:00 PM,02/15/2018 03:51:00 PM,88.3052,26.8712
Sikkim times.com,http://sikkimnews.blogspot.com/,251,09/09/2007 12:00:00 AM,,Hingdam village in South Sikkim,"many people displaced, houses damaged",Hingdam village in South Sikkim,50km,landslide,rain,medium,unknown,1,,,,,glc,251,India,IN,Sikkim,1147,Namchi,1.61449,04/01/2014 12:00:00 AM,11/20/2017 03:17:00 PM,02/15/2018 03:51:00 PM,88.35,27.1667
The Times of India,http://timesofindia.indiatimes.com/city/kolkata/Landslide-halts-joy-ride-in-Darjeeling/articleshow/47887813.cms,7033,06/29/2015 12:00:00 AM,,NH-55 at Merry Villa,"We had to stop the service because debris have blocked the track at Merry Villa - S Sekhar. At present, all vehicles are waiting in a single file to enter and leave Darjeeling town. ""Boulders are still blocking most of the road space."" - Santosh Tamang",NH-55 at Merry Villa,1km,landslide,downpour,medium,above_road,0,0,,,,glc,7033,India,IN,West Bengal,123797,Dārjiling,2.67215,07/01/2015 06:12:00 PM,11/20/2017 03:17:00 PM,02/15/2018 03:51:00 PM,88.2478,27.0161
Ani News,http://www.aninews.in/videogallery9/38760-landslide-hits-toy-train-services-in-west-bengal.html,6967,06/13/2015 06:30:00 AM,,"Darjeeling Heritage Railway, Darjeeling",Massive landslide in West Bengal hit toy train service...Boulders and debris fell on the rail tracks caused by incessant rain followed by the landslide.,"Darjeeling Heritage Railway, Darjeeling",1km,landslide,downpour,medium,above_road,0,0,,,,glc,6967,India,IN,West Bengal,123797,Dārjiling,2.65817,06/25/2015 07:56:00 PM,11/20/2017 03:17:00 PM,02/15/2018 03:51:00 PM,88.2476,27.0165
beacononline.wordpress,http://beacononline.wordpress.com/2009/08/17/darjeeling-hills-landslides-kill-6-in-hills-darjeeling-cut-off-for-nine-hours/,1093,08/16/2009 12:00:00 AM,,"Phagutar near Mahanadi, 12km from Kurseong, Siliguri district, Darjeeling","Jay Kumar Rai (26) was buried under his house at Phagutar near Mahanadi, 12km from Kurseong.","Phagutar near Mahanadi, 12km from Kurseong, Siliguri district, Darjeeling",5km,landslide,downpour,medium,unknown,1,,,,,glc,1093,India,IN,Bengal,46427,Kārsiyāng,0.21657,04/01/2014 12:00:00 AM,11/20/2017 03:17:00 PM,02/15/2018 03:51:00 PM,88.3195318,26.88211522
beacononline.wordpress,http://beacononline.wordpress.com/2009/09/20/darjeeling-hills-toytrain-joyride-hit-by-fresh-landslides-in-darjeeling/,1170,09/18/2009 12:00:00 AM,,Tindharia and Rong Tong,"An attempt was made yesterday to run the Darjeeling Himalayan Railway (DHR) train between New Jalpaiguri and Kurseong, about 50 kms between them, but fresh landslides between Tindharia and Rong Tong forced the authorities to halt the train at the Siliguri junction. fresh landslides and rains hampered the resumption of the DHR, but still the NFR is expecting to clear the tracks within the next 72 hours.",Tindharia and Rong Tong,50km,landslide,rain,medium,unknown,,,,,,glc,1170,India,IN,Bengal,46427,Kārsiyāng,5.35873,04/01/2014 12:00:00 AM,11/20/2017 03:17:00 PM,02/15/2018 03:51:00 PM,88.2798,26.8342
Times of India,http://timesofindia.indiatimes.com/city/kolkata-/Landslides-cut-off-Hills-for-two-hours/articleshow/8907428.cms,3617,06/17/2011 11:00:00 PM,,Pankhabari and Rohini routes in Kurseong,"The Hills was cut off for a couple of hours from the rest of the country due to landslides at various places in Kurseong subdivision though there were no reports of loss of life or damage to properties.   Incessant overnight rainfall continued through Saturday morning, barring a few hours of break. On Friday night, landslides hit the Pankhabari and Rohini routes in Kurseong, halting vehicular movement. Electricity poles and trees were uprooted at various places due to the high wind blocking roads. However, the roads were cleared on Saturday for vehicular movement.   ""Vehicular movement via Pankhabari and Rohini in Kurseong were disrupted because of landslides and trees uprooted from last night's rain. But that has been cleared today,"" said Mohan Gandhi, Darjeeling DM. The Kurseong SDO asked schools to remain closed on Saturday because of the high wind and incessant rainfall.",Pankhabari and Rohini routes in Kurseong,5km,landslide,continuous_rain,medium,above_road,0,,,,,glc,3617,India,IN,Bengal,46427,Kārsiyāng,0.16768,11/05/2015 02:08:00 PM,11/20/2017 03:17:00 PM,02/15/2018 03:51:00 PM,88.26181745,26.84850975
dailyindia,http://www.dailyindia.com/show/255019.php/Landslides-block-Himalayan-road-cuts-Sikkim-from-India,620,06/30/2008 12:00:00 AM,,Kalimpong,"Monsoon rains triggered heavy landslides in Kalimpong in Himalayas on Monday, snapping road link to Sikkim with rest of India.  ",Kalimpong,5km,landslide,downpour,medium,unknown,,,,,,glc,620,India,IN,Bengal,43000,Kālimpang,1.49112,07/01/2015 07:09:00 PM,11/20/2017 03:17:00 PM,02/15/2018 03:51:00 PM,88.482,27.0771
newkerala,http://www.newkerala.com/news/fullnews-25771.html,2279,08/19/2010 12:00:00 AM,,"NH 31A at Likhuvir(?), near Teesta Bazar, 42nd Km marker(?), Kalimpong, West Bengal cutting off Sikkim and Kalimpong","Siliguri (West Bengal), Aug 19 (IBNS) Sikkim and parts of West Bengal's Darjeeling state were cut off from the rest of the country on Thursday, the second time this week, after massive landslides washed away a major portion of road at Likhuvir on 31A National Highway near Teesta Bazar, official sources said.  The landslides, triggered by heavy rains, washed a good chunk of surface at Likhuvir forcing the authorities to close roads for all vehicles for indefinite period, according to BRO, which maintains the strategic roads linking landlocked Sikkim. ","NH 31A at Likhuvir(?), near Teesta Bazar, 42nd Km marker(?), Kalimpong, West Bengal cutting off Sikkim and Kalimpong",10km,landslide,downpour,medium,unknown,0,,,,,glc,2279,India,IN,Bengal,43000,Kālimpang,10.78474,04/01/2014 12:00:00 AM,11/20/2017 03:17:00 PM,02/15/2018 03:51:00 PM,88.4481,26.9722
headlinesindia,http://www.headlinesindia.com/natural-disasters/flood/darjeeling-landslide-toll-reaches-27-12747.html,1030,05/26/2009 12:00:00 AM,,"Darjeeling Sadar, Darjeeling West Bengal","With the recovery of three more bodies, the toll in the landslides in West Bengal's hill district of Darjeeling due to Cyclone Aila has risen to 27, police said today.   ""We have recovered three bodies from the debris at Rangiabong under Jorbungalow police station area this (Thursday) morning. One of the bodies has been identified as Pramila Rai, 68,"" a senior official of the Jorbungalow police station said.   He said the teams of Natural Disaster Management Authority have started rescue operations in the cyclone-hit areas.   Meanwhile, state Home Secretary Ardhendu Sen reached Darjeeling Thursday morning to hold meetings with the district administration. He is likely to visit the landslide-affected zones and will also survey the situation there.   ""Search operations are on in some areas as at least four people are still missing from the Darjeeling district after the cyclonic storm,"" the police officer said.   According to district administration sources, 14 bodies were found in ar","Darjeeling Sadar, Darjeeling West Bengal",25km,landslide,tropical_cyclone,medium,unknown,14,,Cyclone Aila,,,glc,1030,India,IN,Bengal,123797,Dārjiling,0.79891,04/01/2014 12:00:00 AM,11/20/2017 03:17:00 PM,02/15/2018 03:51:00 PM,88.26522126,27.04357147
